<?xml version="1.0"?>
<config xmlns:xsi="http://www.w3.org/2001/XMLSchema-instance" xsi:noNamespaceSchemaLocation="urn:magento:module:Magento_Config:etc/system_file.xsd">
    <system>
        <section id="commission" translate="label" sortOrder="130" showInDefault="1" showInWebsite="1" showInStore="1">
            <class>separator-top</class>
            <label>Commission</label>
            <tab>general</tab>
            <resource>Cibilia_Commission::config_commission</resource>
            <group id="view" translate="label" type="text" sortOrder="10" showInDefault="1" showInWebsite="1" showInStore="1">
                <label>Commission View Settings</label>
                <field id="enabled" translate="label" type="select" sortOrder="1" showInDefault="1" showInWebsite="1" showInStore="1">
                    <label>Enable Commission On Frontend</label>
                    <source_model>Magento\Backend\Model\Config\Source\Yesno</source_model>
                </field>
            </group>
        </section>
    </system>
</config>
