<?xml version="1.0"?>
<config xmlns:xsi="http://www.w3.org/2001/XMLSchema-instance" xsi:noNamespaceSchemaLocation="../../../Config/etc/system_file.xsd">
    <system>
        <section id="custom_cibilia" translate="label" sortOrder="110" showInDefault="1" showInWebsite="1" showInStore="1">
            <group id="withdrawl_request_email" translate="label" type="text" sortOrder="70" showInDefault="1" showInWebsite="1" showInStore="1">
                <label>Withdrawl Request Email Configuration</label> 
                <field id="template" translate="label" type="select" sortOrder="10" showInDefault="1" showInWebsite="1" showInStore="1">
                    <label>Email template</label>
                    <source_model>Magento\Config\Model\Config\Source\Email\Template</source_model>
                </field>
            </group>
            <group id="order_vendor_notify" translate="label" type="text" sortOrder="80" showInDefault="1" showInWebsite="1" showInStore="1">
                <label>Order Notification Email Configuration for Vendor and Cibilian</label> 
                <field id="template" translate="label" type="select" sortOrder="10" showInDefault="1" showInWebsite="1" showInStore="1">
                    <label>Email template</label>
                    <source_model>Magento\Config\Model\Config\Source\Email\Template</source_model>
                </field>
            </group>
            <group id="product_cibilian_admin_notify" translate="label" type="text" sortOrder="90" showInDefault="1" showInWebsite="1" showInStore="1">
                <label>New Cibilian Product Notification Email Configuration for Admin</label> 
                <field id="template" translate="label" type="select" sortOrder="10" showInDefault="1" showInWebsite="1" showInStore="1">
                    <label>Email template</label>
                    <source_model>Magento\Config\Model\Config\Source\Email\Template</source_model>
                </field>
            </group>
            <group id="product_admin_vendor_notify" translate="label" type="text" sortOrder="100" showInDefault="1" showInWebsite="1" showInStore="1">
                <label>New Product Approval Notification Email Configuration for Vendor</label> 
                <field id="template" translate="label" type="select" sortOrder="10" showInDefault="1" showInWebsite="1" showInStore="1">
                    <label>Email template</label>
                    <source_model>Magento\Config\Model\Config\Source\Email\Template</source_model>
                </field>
            </group>
            <group id="product_vendor_admin_notify" translate="label" type="text" sortOrder="100" showInDefault="1" showInWebsite="1" showInStore="1">
                <label>New Vendor Product Notification Email Configuration</label> 
                <field id="template" translate="label" type="select" sortOrder="10" showInDefault="1" showInWebsite="1" showInStore="1">
                    <label>Email template</label>
                    <source_model>Magento\Config\Model\Config\Source\Email\Template</source_model>
                </field>
            </group>
            <group id="product_admin_approved_vendor_notify" translate="label" type="text" sortOrder="100" showInDefault="1" showInWebsite="1" showInStore="1">
                <label>New Vendor Product Approval Notification Email Configuration</label> 
                <field id="template" translate="label" type="select" sortOrder="10" showInDefault="1" showInWebsite="1" showInStore="1">
                    <label>Email template</label>
                    <source_model>Magento\Config\Model\Config\Source\Email\Template</source_model>
                </field>
            </group>
        </section>
    </system>
</config>
