<?xml version="1.0"?>
<config xmlns:xsi="http://www.w3.org/2001/XMLSchema-instance" xsi:noNamespaceSchemaLocation="../../../Config/etc/system_file.xsd">
    <system>
        <section id="custom_cibilia" translate="label" sortOrder="110" showInDefault="1" showInWebsite="1" showInStore="1">
            <group id="withdrawl_request_email" translate="label" type="text" sortOrder="70" showInDefault="1" showInWebsite="1" showInStore="1">
                <label>Withdrawl Request Email Configuration</label> 
                <field id="template" translate="label" type="select" sortOrder="10" showInDefault="1" showInWebsite="1" showInStore="1">
                    <label>Email template</label>
                    <source_model>Magento\Config\Model\Config\Source\Email\Template</source_model>
                </field>
            </group>
        </section>
    </system>
</config>
