<?xml version="1.0"?>
<config xmlns:xsi="http://www.w3.org/2001/XMLSchema-instance" xsi:noNamespaceSchemaLocation="../../../../../lib/internal/Magento/Framework/Acl/etc/acl.xsd">
    <acl>
        <resources>
            <resource id="Magento_Backend::admin">
            	<resource id="Webkul_CustomRegistration::customregistration" title="Custom Registration" sortOrder="10">
            		<resource id="Webkul_CustomRegistration::menu" title="Menu" sortOrder="10">
                       <resource id="Webkul_CustomRegistration::index" title="Custom Registration" sortOrder="10" />
                    </resource>   
                </resource>	
            </resource>
        </resources>
    </acl>
</config>