<?xml version="1.0"?>
<!--
/**
 * Copyright © 2016 Magento. All rights reserved.
 * See COPYING.txt for license details.
 */
-->
<config xmlns:xsi="http://www.w3.org/2001/XMLSchema-instance" xsi:noNamespaceSchemaLocation="urn:magento:framework:Event/etc/events.xsd">
    <event name="sales_model_service_quote_submit_before">
        <observer name="redemption" instance="Cibilia\Redemption\Observer\SalesEventQuoteSubmitBeforeObserver" />
    </event>
   <!--  <event name="sales_order_place_after">
        <observer name="redemption" instance="Cibilia\Redemption\Observer\SalesEventOrderSubmitAfterObserver" />
    </event> -->
    <event name="checkout_submit_all_after">
        <observer name="redemption" instance="Cibilia\Redemption\Observer\SalesEventOrderSubmitAfterObserver" />
    </event>
    <event name="checkout_cart_save_after">
        <observer name="redemption" instance="Cibilia\Redemption\Observer\CheckoutEventCartSaveAfterObserver" />
    </event>
     <event name="catalog_product_save_after">
        <observer name="redemption" instance="Cibilia\Redemption\Observer\CatalogProductSaveAfter"/>
    </event>
   <!--  <event name="checkout_submit_all_after">
        <observer name="redemption" instance="Cibilia\Redemption\Observer\CheckoutEventOrderSubmitAfterObserver" />
    </event> --> 
</config>