<?xml version="1.0"?>
<config xmlns:xsi="http://www.w3.org/2001/XMLSchema-instance" xsi:noNamespaceSchemaLocation="urn:magento:framework:Acl/etc/acl.xsd">
    <acl>
        <resources>
            <resource id="Cibilia_Adminhtml::admin">
                <resource id="Cibilia_Commission::commission" title="Commission" sortOrder="40">
                    <resource id="Cibilia_Commission::manage" title="Commission Module" sortOrder="10">
						<resource id="Cibilia_Commission::save" title="Save Commission" sortOrder="10" />
                        <resource id="Cibilia_Commission::news_delete" title="Delete Commission" sortOrder="20" />
					</resource>
                </resource>
                <resource id="Cibilia_Adminhtml::stores">
                    <resource id="Cibilia_Adminhtml::stores_settings">
                        <resource id="Cibilia_Adminhtml::config">
                            <resource id="Cibilia_Commission::config_commission" title="Commission Section" sortOrder="50" />
                        </resource>
                    </resource>
                </resource>
            </resource>
        </resources>
    </acl>
</config>
